id;n;e;d;p;q;t1;
0;b8cbd2d8cd8fc7d866ed06eb31b9c70a73e063457c001aeb1b458ef14031a51c4fb7c00609f1052d5a6532b1486cc48f4547618e1aaf6257ef36704eca0c6a4d;10001;426c99546ec740d96b5dc5bfe2b6d971cb671ba7cd43a8695bfb2bbf5208c645038f91312c49bbaf06f5966ed5a5479098dab2ad38901089440b2b7b3e29bb8d;db9ab961e1034721276ed0ac54759a2370a824b5258fa72cb803afe0239a9753;d76c45cdf8cc7205de09fbb04bd376e8045bd28322dc736b69bf7ce3427ce3df;10260456;
1;d61a33fe4ffb9e955dcbb7766283c6b9a228ebbc719e578eb41f87b9e81712e4d0d2651bfc99bcbd6326d96e8830ac56d62aab5e3a91b8131015021ea539b91f;10001;af278aa79fe97aa839aec26d7054dc0bdbd4dc5e3319560a21e3b596ea7f8decf19c2a0741174bb4cdb8c0297fd34b573651bb0bb3af3a60616a32a2ffc2c831;d9071f1bdbc2d647dcbad25fc2d602619e940427da7f21fa3dbb7effac013939;fc8c98b9f51e71182d10652fc3c519093867be743835515b34dc378421533d17;3445764;
2;bc376c656af167e6c772e83d0f3f2c08ccac87845ebed645092a293b7ea9d10477c9047addab1eecd64dd6efdb70179fc75bb61b834bad086d78dc52819fe8f1;10001;89eaf6f40dfc5d4d7f8314e8813ea22ec483fc3da40ba5092b61089bbf0202d54630cf1cf664f8e7be2120e51c0e30fa4939d820d91ffd259311bfb8aadbf291;c237a1b67fd5d22caf65339290e60e2e5c8ecdc08bc6c2316dd231f9d2af1405;f8171b55f95be939f9e15de88edb5b951c6a7bcbb0af47938ecbf5ede79ea0fd;5654534;
3;cd02b536e4617cbdb8475f50c7e2e8da83a17aeabf59e359a34ca3a1fc609fd1012a1477cde1150ed486a51a0da1ae642650dd87705d616ff7a44f21c2d51eff;10001;80bc8c9315c2ea1430de10caa75aa42263ba497794059c30b3ccf28c4bf15929435d5621c38b9df84af98aaa36b75a6890b74c377a4b375c94673b613b72ac51;f797734a7c9fa5a09f8b0492ac5fd4017287b6eca171c8a939959f9fbfa2adc3;d3f90f62ba9c487402d57f566a6aa3ee7555183aff134c63b02310be920bca15;9248674;
4;dfea5576d38ef7418086939b815eea112d0a5136e9948542ad74a406dc9da249af82871ee46ae327ed7263d9daf8b38d968c408a54dad9b06f97f80b384e08a7;10001;91ec8f61ef219eb58b6328d3110ea0102d8029c955943afc673a3aa356274cd8ec750f62813f50c6febdca3f784a21c1256284334e8ffa1582179b263865eb01;ebc7fc33796b3a6af82702984c0690712a704b951bb05e32d4352cab36797ec1;f31ddcdbe6e4d79bd0922fa18487e3882c8d419beef4202eb6cb9eda71074967;4170591;
5;dc5f455efb6b582b586b15f6abd2f94991a175d65957782412daef8024b54a46faea1143f84b3bf2ff0ca135e33926475b92f8c714988bf327e0e901299fff8d;10001;bb577abfee792931602f5932a48bec4530bad4546f0b3f255baa27e5064fe05db760ffc0f42c5f5fbd1d11988fe6ac57183aa4d631d651cfd474ed0253675b01;efc69f5d3c1304667ecf1ccb622e1108f79dce13ccefaa9d3f7b324cb1feaa21;eb4889f5dca9a3b3f5ac44f3f9f9aacf01f0c99d920ed0a3151a285e22f29fed;5146888;
6;c7b8a9cc6a2d78706e0eb31d8c38af2d133cee1d7f018017be1a7e145a763173ed88c259f7e12aa0fd47a705b40cb7e70b71cf0e7773612850c218c3aaaa7ded;10001;6be6c19dd5b3714154c48e52a5622e8a2cbd9b6bc6253a5e196fd8b4085798c93384431a8731c922ed2df211e5a59b3a5b765b3f09974a3162dffe9540123641;eb3b5e4e38f14db4fedf99cdabeb2db49c3bcc7402deac24bb98674e1e75711d;d95ab2775badab03887602e8e4567cd06c87d801e0a24d2b39b488160db7f711;6477016;
7;c90a396b4622cb4b61d89918cd6ba6253d79ac2b64872351edcecdb12e8b93b82f38e062efa204b9a2e48a9fd3813c98b868c5297b62ca5a24daf60b7ba8d5f3;10001;a1a30acf6930886b2f5c4a9b5a6df6c3724de5536e1c0915d231b7c78138cfa695d858954e8dd77d06880ec7a3d582f3d023eb01b53bd6d2129921beaed56581;e67ac8bbfe77a175a40d7b007aa698f2074bc5c4e65715f167fb769e1f8e2cf1;df4cf009c936cbc41caa6068e68f1643bd6a85d3c7d67eb95782c22eccc7c123;3232806;
8;a1981f0023a8ab44ffc9b1627d91354f7d6e359ef45dcb4cdd2ad45dcabc1650a598c5a230fee4d86dee51885b318d30bbc74294c2e05c64bf159c8be12e6b37;10001;63e993995972eb5a8130eacd73c7f987498d7ff7e52dad0abc60c3e7adf7376ff03f684d18976481f91b3b2e5e7b9466646ffef0a57746e1d46bd53030d314d1;cc24ca8a7fde8c43f31c241d47e7efa9be8cea758a062f520dbae30050f3d099;caa463d6476befd2de9ee0330bb1a998248d9f360b9fcdf58db7e3632144ec4f;2490094;
9;afa5cae8c407b875434afd1faa87751bfaf15f9267cf57299a98308985429dfe674211aa4de9d7b56a3b05fcef6af006ae3101251ea2606a4d0e3cb87667f789;10001;88aa4726b4e00cf5b056387cdb026a6c4ae463a8567d4d2461d4e86f17f0ad5c69fbf8a82705cf94bbb01d6ffc1da9d581ed62e08b27bbf8864ce7844ca717d;c7447e71e428056fe5a6a2460ffe75b21dc2af3112310a2ec08d94cc08bdfbaf;e1a7c5f74523770c596b89b54c70392b7558b02fbdae6ded75d2c2aa8a33f647;4464333;
10;b746bcd61baebc04a59f8c23d25aa12c4bb25b6cb71e269c9439c55e9e4e778c8420bc81915fab5974fd26584836458b232bb5edfb3c328fc9bfd602771bb62b;10001;4ce4017f7637b5abe16c7157e9fd99d6c29f3e59faed4c57ae9c1a20db1ba26d7c6a2b05ba682bb74f2e055b6aa1c9a9a19b4c11b552e06f55e62de182361a39;e21ce80220356833c13a8ba35a1edda92a9d2c5f8d501248cde883f8fb3d6e0d;cf805932321f6a018a424993ec651c60adcab748152f6614083376470bc05f17;5882127;
11;ed83188b0e63855ac9bc1f34f59e03ad0e902e4418d09c6feb21ed38e8d595b390b4105635f01373b5c25e762bef05384a690bcf03e74003387e13673599035f;10001;b3e2aa600751d0da661818fa9f5c42247bf72f535c0803b3b03e4dd0e06783acbab6de88f79dc7dfa01d3061afb264118f13cd49067b5103face589e041b4ec1;fcb66bb12b56037a6701fcc4f16a25e1d588d4fe68d9226e80c88d572d5ed827;f09a0e0647f11a920db88f6a22f57e6ad7f4a2d9d41dd155dbbceed223498609;4788339;
12;efa4040ef4e27ec4f412cb817e7202f75803feadbef606ebf08ba055383b1352d0291af8cfafa6f6d7398cfc018a9748e61b8cb21391fe8dff35a40f539c46cd;10001;4d66fca898105041ed53e4c77ebff4954fa87aaa43f3d36881d9977fef19a5b389d8afb9b1e8595ac9b7b7d9741e187ffc450890ee1d33aaa94eee378d051d41;f10d58b76d27d24fc7cf900e10fc6152fcc442d8aa651a6f97480da457b47c1b;fe80434a75a98e9159e18d441884c52c6bb2f2e553b83074be4e709b6aa0a737;5038066;
13;ccca4c77137fdb372dc5c8818acf3a13bdc4ed97c14338329b851abd735474f1125f77aa22512735df5787b1b527aacb1e73c3626847bcd46c645c77ee617abd;10001;c58d9d87fd2a88d948f19403cb592ec85e777b4fbaa2d2b2972e26e67d3c0af5cb9c988f4ca172da3882282f8b1065c3e81f60021df9d8a5f2ee06c0830be001;fc0985933d45fb1248473f701335c2dee8d83ce0becddcb87ac79e4dfef82801;d0029a3fa879b5399598a298e1af5d5ce9e6a18dc1de7f68b1100c2de35bf2bd;3056612;
14;de3a778dea88ab4831748d6e56c9d6c4caefe69ada1ccb6d8130056380de5b198d4ddaaff73b83c4c7c5e3a216a8cd0e1a99727b869b3228410b2da23bbcaf2b;10001;7cee2b85d9c2c95fc585bb78bb4baef4650de6fb4901050fe39f867800db802459d27ff5eef08040e34070ed4db0b887abb788bf42c0177dc22a7ef6e7254991;e48d863dcf1991e09facbc6206f29e573cc5b89a5b3ca754bf0fbfb47eeb54d9;f8ea82180b2b2bc85a41a948cfe3f170ca479f4a19c992e4f35b82d1da5551a3;3985902;
15;d3d016fdcf788e41603e750bc23b13b53bb47fa1d83e304441a57a2b0bbfc02714c0d8aa4ee107f70f0087066ef51990d9fa51cbffde661d76733dcb151116d3;10001;cc2167870443f3151e6412f95a1f05474c5b10063218fcfb4b28e72c450e6f677965a4b5cb03c5789a815e3c0de1c02c5820ff0f1b69db7ee2578efb77450441;f2d3cef859a7ac954a926d6f4f1ed5e7fc105d151f1c7c4a9213328bb55c63e7;df4d93965519a48c78ce3d23a3e2029f2350bf91837f616806b0109e317f5835;4884949;
16;d0e6cc7c0f9c1455f9e5fb5d6ba2453ca408b47461225fc923dc0daefc814b2c93e33b269ddd0ac9823e188e6c473e82864cd1960c8c8a25271d7d8e2e0c7627;10001;6d43fb3afcd32f93d4d5254834ef3875c27ac7208459fd6df0b2bdf9841b809c8b4a6a09ba32ed217a2fc38a84188e8aa75557df0ed05dfe5022c674fb42b4a1;dd4376b6f82778d0deeacb4bf71e276ed71877dd9d6a86b2a010a7fddd803691;f1b28287611653275f0524739f8116fe4075aa4a8541fc6845d8619210756d37;3068668;
17;de221d697f528ed77a0375b72367e04b5d1b19b59a130e32c7c20595b767f0874792f832dcb85af3326add8ccdf544bfe0efbe046c05fdc64a00c7ed3f7e545d;10001;5398d328d8d9e11806bb3699eda132302aa20052efe12bfec05eac6b63d2a21a1376aea905936dd1a41f7d1c2ac15a239cfefbc1bca0a3af024009b1594989a1;fc577dc365aafaa79e1d02f21b9a39d702c214defb1d9d6f4b807a5147e72bb7;e15a82fdbeaa872fbdf9f989ecc1754f6d23b047a5dc2ab3c44d86f90503288b;8021354;
18;a029f9f77fe0679fd000d688649ffe035b50e52da2c45ce8d4ca908d2ae14183b182d62a8730ae8dceff91bb70de945e92c7f2c0a81c73bc275c6e09ebe0fccd;10001;9194d62343d70419dd85857b408bb4e5f430d9bfdb7d453e557d325b3ea8b554c0fe805cf4a20708dd57f4893d0622b9a82f7936d87527f7df50cced8a53f079;ca47b663671779c75e7cff64abc55152517d2b1a17afedf28305b9ac68b2d973;cab2f0b277ad3424d6033cfea815baffe674be2fae34915a1e017119929c40bf;5823077;
19;9b5ff11be740fb1dde65e8f0bf226dd574375d5b467e91d6bf938d7b769892d9aeefe70fafc69804c0368b2e16ef56e69a6ef2321dfaea8472db857f7a910983;10001;8687def3631b5f9330229b3c00b2e5d8e164a2bfca5d0317a70f327cc96638174c3c15ebd246dc567768e01335ee57891ffcc991b4b62f46e8c4e18defe93c79;c4fa5d5bbd411b95a5aa9edf293f6704339cc6ec368e6192991686021f12c8f7;c9ee4f56d707c389701ceae9f563e7759fe9cc1b6d8461def85f11fb96cdccd5;11471575;
20;cbce350b33fd759cab19135cf83c3a0f42c670c28bd0fc3f58575f5db155662fd731b4c86dac30efb76511c468cdbd869f9aa651e6e74046786d4273b7e4675d;10001;3270cab8071a07edca7ade4bf8340fba8f3045e020728cbbb0c58f18c536f99f1449295615301d342c1c2eccc49322c6c4a3301a6034383f5cb588d195fab401;f19c11034eb9766e7781eea6f8b2d3ab0c9f63e214f1b92c0ecd9f8a7a7e3341;d7f1b93f2d9f8bc860e64f9ba6057579ba98f38f71c4a8108c8579c35107591d;7196871;
21;eb6ccaf93397e56472ec99e25bae4e554840f9178f15138efb8700b5033ee7a399d55b419d3e4188b4a1d442302ec1a4ef0b1ce58fe4726cd08251a58c68f7df;10001;e627b7cf24b74cd584dcf61c2b511ed795099ffb7e3036acc40dd98d1d1d344a06a9256a5d60c253a3a1ed22deb3811d79c78af49c57d117e9193c80f5c994b1;f62e45d11ec087c013b928fd160dc99ac7548d6845527715d00cfc88e20a8ad3;f4d0b1a583503777f911f6fbe305021ad03677361ba2c81be5cd8aa506f61f45;6568674;
22;b259e3d54267043d2e53a2f09573252dbe6b1866f5ba315976599d4c5477b27933a7265d9f49c98be301ff3733ee370c6113c5aad9ee2790365cd2047743bdaf;10001;465de2df2428c2ea6499c902c4e43e39f3140bf7ab61bfd0bd3a142ea670e76ff335bca3de4a0975a35fce620d4915845e82385709148a20edb0edcad63fa8d9;c47af83607b97634c191d9e5f5adad914b9f50ead9f55156aff0054a7f728efb;e861006357c8f5a26303ea2c2b2ea381480578c461b70b930edddea8a43dbddd;4592666;
23;c6c79f7420bcbbe710493cfea149d289df1f3a74a13898956028b991e92105c19cdf69f15c4e5fb172aa6e09cdc6cb904fb2fa50b15245c19295a799a7c48e9b;10001;b121f1d569d6c51a8248c131a6484274d97eda7853b23b45e10a6952bc8bd0b3c3a9954ea258c23cc9405325e509100c45896ebe960a3ff74d539f54c6886601;f6037b2d51b167db85ae9f8a880f973e0c2bfcd8a22151cee8b9707e12950793;ced94c5cd61e47d66fbb4bdff4925c34b62d2038c659ad1a4d8315f75dca31d9;3030415;
24;b6b8fb686d67295b9e949aaf07cb597f8b9d05e1bb48fd25dd38f02c5598222f326c9c855ca2d9f11b6d8c5e24b03525ead82a8ec8adb2d478090c2681a9bf11;10001;65962a904062de67859ef0f0e6d0738da9bd3f0be4e80b7605ac263b3fcb39153ae069b9dabca6dcaef784b6eb4b02cb8da3050b8fda5319a5bc56569c1a5801;ecfef9e19fa4114f0dfae6a7f1bad6eb81b33e0c0ef5cbf136d4310674f31621;c55fe3601dda3586e42228d40475f528396efcc3c7b370d29c797c4f3820aaf1;9361359;
25;d791da4fd434fa99a3c4786f752db7be84a034bddee8c77100cb26dd8aab0c458c31939e8e1e8cca7afd8571a14309e2f061b71d1d8b0285166931ad3a07436b;10001;9f4b1bf359703cae43a1ef0d0d9dd6e565c3acb5917e99c21b40035c3a17e35c34f072bbc24272b0e16527984745048db56dbff3d3fc321f22a1eec0eec4aea1;d9fc3c83f4d98d96aaf67749db04318af6e71c61113d9e8cc789e91d365a7ba5;fd29c6996b802243960f15c7f3c36c830ea0676dd00a1e274445e44cc979d5cf;3406174;
26;af4d7d771085029f9c42fe66e59b5c2e85c8d9fbe716d80bf2c200ca0e3551503e0589bb7c8f2850844390594aa996ebf3731d0adbee7ff1768499b9ab0ef147;10001;8408b85402443c4a9d363448a9ed4f0bd7460530dec7ece76aeb460ee98eacf3a43b0e07f265e019ae74db2d123f35a27f363a28e85d416151c6d15b24f20d29;e2a5b218b8a498548df1df38371dc6ef2551201d44a947e0857e0f81af77bd65;c60181f957c4860f5b21e6f93a5bdb03dbfdefad2b5d210be64e06e45241ef3b;5542243;
27;d307d55ae8b3862d448e8288b868a409526cda33344e7ce14dd20359d2d4830c2681c166a0ad32bce62a64b21884f494d868f89629a07ec3d1e2ea6e80d062a7;10001;5e5a64446f42c53d3c27d3a9397a5fcd633314244cc0c309217842d3487687d878bb0174ced6610e2da69bfe0548dd5f9c5e890bec2191d6d91129e4c76a0a11;dbc1576ad15636319597493140fe178a7d2e4140341aae1c7400240e62ffba43;f5d61d353de65f62a185695bc0aa03879fc20d200fb830c9a8a2d9796386a9cd;3890499;
28;c1f519cbd5116ff2b9117d310036f6f34d36cfcbfdce57e6854b80f39983bd100ebb7876103b1c896873795097935870f15b4c60939329b8cc8e7f52bb4abbbb;10001;d1dd630c2a7fb3a1ee9dfdd8076371d1d0ba7e1d3b83099964a14de64735445b36c947a0d2d4c9ba2e8eb60ae768fc6d1a55a63a5b85084c2c578e35960fd01;f71b52ce2fc678812cd155759587ebe7a4eabca329a067997f455e2579c3acc9;c8f01855874f1ba911c82173dacf7414c4ce222a76322ab97382ae11663e9a63;5825207;
29;c486eef18ae807c425983d8c74fe3ac76b171ad2e56d5a585a06c51fb46d354be2e4f3ed40b919cbabafe977690a1ccca2443d278e66834218ba9fe2c29ab0a3;10001;4760e6ca2df46655b47ddde4f4dd1d862e7c1ecef86b46440eb6a4c406292010c2ec80da1329a5e2d07376c1c0d873cddc24c7d7a31a29cafe05f9ffcdfefeb9;fad988401412d3eeed1752f13be48cc4e91189688391c8d89a832e241400022f;c88fe185e02c8f0330987228c8e04b34b6414bf79feb0e7b592505565beedfcd;4861820;
30;b3bb75eea8a7df09cf6bab503a37376565ae06c584d6d0fd1e81295c7f69f366abac3826389c7f18c4e9b94eacc697e684ebc414354fea115f79ec7a7387cbff;10001;1f05cc65555724785d05089ce06f8770490cb0be871f4d1363a087b31f8afa280418fc99abac6b195f84d1ddf574b8043f8b30b0f8032c5462292f3f23060f01;ef97c7cd89d499484b024b75660738ecc051cd8bfdeabd55cd9b0c06680dfcb7;c00a48d16f46d6d6643825014d91148b288d48d070266f2fd5ffcba02b38f2f9;3760361;
31;97c2733fe1d678b5e32e0157ee140a30ec0ebc87e30cd8ba71b3fd3d4e32998a0f33d63b0d7d5042e6d14d0d88f869316088fa5f2f593a5cbe0130936ee1ab85;10001;4acdde612ec0b8df6f0bce3db96cc75936024d8bedaef7656f8678dd2f1e61ef99151324fc08e210baada014cefb5115a83a019ad47c1f47c3d22b2431595c5;c156040bf48ffb22ba0aac68382ce6195d75421d14cd1f19e6dee30c9eee6313;c8f2a537fac4440f1554eefc6e76cfec92fe162ce16f2ad37d48bae69217f207;9826690;
32;ce536d218dc758467c647d3abadbe2fb4b56edc713fedeb2794ede1c8425e534c6f6c8c9755cf7c761e094cf1e1c5c49932cd22a2f8d74cc543ad975e36adaa9;10001;8586ae30b1dd99be7c10588f2290dd537e0d72f28c793c4c4a7f84f4f57cc4d8fa8e4bbe14bccde519d2f5d992f60d5db6f7a9fe8db4c6b12e5293e490d680b5;e2a23913823050b1da3f84c026d33d811c73c4462089d1922991a73e7f234ddb;e90f9038b55b075221bcac3eef2cf786ee1dce34755cdb8f75ab9a69ba01bacb;3059845;
33;dc26bb5f3f7d7f1548dccae4e2337cd89883f04e459f0480b7e75caee6a70bcc1b13454ce1558f06578fc5558fc906be1b96152b797ba8bfcb712a5022127105;10001;c7b356bab3042b186aace65bb3995301c36fc3b7accdefaeb7a3e6de3d1a80c668795ea0f7f5cba5852aadfa02af986e89486e8561713cb7fc25f4d877de6b4d;dd849bb750c7ff80d67d6ea9ea52bf3d81a38ef056ff507579fc0bd05553c497;fe6ba93e1a5b69848fda9fc978fd3a144e3fa40d64efc02c22f35e6264d61ec3;3498412;
34;9dad4494aeb82ee1adac6139f58eab41eb545a2e2440f52fbdf888890aab1aaf945f9b1c0592542303e49739d92abf14247c7c307b4a24f1d013c693580d75eb;10001;580de629be34ff816a92c4ad3073df31edf0ea77b0295283b9ec6c9b5388e05a62f40b1ac5ae75352117cd358f92b944b5192396e36a13ad922ef618057a38e1;c83ff210b6aa4117888d85841935ae8c22f30457271463e436596f883c022f7b;c9931809ac470cb085306d9e3df8e7e1c44acfc3f5c475bab8905cdb2bb25051;2623232;
35;b1a6b111f4fef018105fdc922ef65f7b9f93171f11de149f80d5ca7776c0be6e2ca1d63aa08b45373ef1eb9896b5695759c062c298c9c09ae6a36e44367fd29f;10001;64b8b2aa10b2be23969d132c9a8dbb23171d493da75eb7689b9e1af5d29183257815c9ede77724bc33993cba7f2f024e51c9a2b18074c6dc75e265b4d41b9431;dcebc21817eb99f370464840014ff919f0f8ffaa66012e435d24f18879676a69;cddc0df3383175d1b7fe552bad5e6da2210263146dbe54d60a534564d399e3c7;4373571;
36;da7da3d016efd9d1fa93ad135cce855dace85a117b39b53079b0a9e16a6346996f317416decf64762fb4cdf821b26b71e846225b7ff912a2305a05352df4dc27;10001;4d2dc065cb14628f07c28e8a9e67dd385fd19baf3d25ff58e6437f5ebee3de95c12bcd993ce06ecd8f3da500e7713df29d40356780f52cab2456dc175d23e1b1;f7b52cf788049a419c1ba9a7dfa69f9bd191c01193cebdbeb5baa5a200f6ad85;e1ce142779029da3f496a3d4f9972343d172c75d6ce6157460426f3b23506cbb;3560698;
37;9b17ee239dd1bffbe3a67920097c9343eb29c5aa5a4fadb1f6b0b783d3589026cbb95dac9b19124493056094e55b275066e53e47c909ab199e3c878492386fc1;10001;9791db799352d97d220e1f71dfd38f58610a81d2ea4fd44088064c52d8c94496202ae791d664e0884fa27ca5e8ead90e8d0d6871ff6e3e81b6b1d6a98c72d7c1;c6d1dfbf53ba549c0cd3005e1fd116de1f1a1e0ceebb721218dc5f53b0aea25b;c7b2b356ffe8a85f9e4377445f056b79fe8544af5785ce2a6b035f8723ce9913;3937532;
38;c0a71e04ea39d04597902bfdee579bc9c6fb201be530e1eaca491d3fa43582bb6d99a5e0f79893bec343e27e66049c8598c22d664f069fcf16f8fc9e4503b607;10001;9c073d62d1a89d2b9fc2de3e3cc8ab9dd2101543426e42aa7bc6976fb1b8bcf553cfa07a352e6f68741b6cb7ec717e53d2eb1c205282749aa58dce4b195cc181;e31d894cc3929d7a643f96ad94364f26c5f7e8cd4e6c681141670494d3e43967;d9278acc06fde79257f4d44ff35bac45d7ead9043c62bcb7ee16ae89cbae9a61;4590054;
39;c144794c7b1cd9dcede34db006bd5e7f6c41f01f17407e55d0da1fe7a62719ec590a1e1387331a355da27f389ab894993bf0baf8ea5dc9ff627c5d577d6eba8f;10001;1125f9394f072d518c0e0a1b9f4d7830083405914ca7dd4dd1fd38ad7e31a3fc0c2164d2fbab6f099cd4d33c3636241c56d8dfd9982c8f7399c70818185c3cb9;d840a4df5acbe4f78cb6f4a89ff4cbc065dfde4efbcee20dad490bd5580b8f03;e4ca4fd93df34e3379e8c3cac6ab3476f8f7b18b28716d276837f2529fc27a85;2976455;
40;ee171df755c78f6134a0e289114afe57fa919110443f54beac46c77403baf612d65f167909a5dfe626d85627dd826d883dfa4b9e13e3617936ede2264bc6125f;10001;514d0d8b86fc2526d15cdade694c4d7be7714bb2dd4b2efa09440619c4a8541c43f045d62ac2badc072e614f84d62164414284923937ffa3a01711823e272389;fdfdc5e472f75c772aa0e7ead267627f581a4fa51763b611c49b73c2d943ed1d;eff926af47f527c8dfef153810cb83b704fb21b3cdca1e3c6d2d856c743270ab;5229216;
41;d2b445ae845a83146c3d8b840ef91a4266a6cf9235e830afdb9a48218f0296df47ee9954cd0f897836413ebb170b129d8a4185ea77c684722e1dbda43d4f64a9;10001;6c269a09bce7d4965c04af2306a87801133d9617bf51c203d21d7bdeb5d0276ddfc95b98e39506e991ed52d3dcfac84d5ed84d206afd734a1b68a5a019d7ef01;e6bdac7967b3acfb93c9af2685140becd268043d3d374814ee717481dae3ce89;e9c515e7960cb423fc065c5cb86440de85de4550891339a88be615c27a1a5d21;3325988;
42;d5754608661f7770bdecd0c5c01b1291d060a9241f51d9db9c73a05e035541a6ac150bf1c01ee992e50edcfeb360ed2d24689abfbd77de257308540bbffff409;10001;1b8aae269746a81a9be6da69298854b50bb5ed1d040d83969a7130d7f086279a2576751a98e84e39ff33ff93b0efaf91fa5fc890ef28cb63504ae15a9d4c4e21;e7e3de72a709247c31283d5175bc2774e58e8ba2866411abcc6cf8cb156024eb;eba6ce862e8d70bc331d278eb56d895ce111acc2e27fbd93b24971da42455ddb;3168168;
43;e8c9c346e8f1369d182d7bfaa3bbde951662dd4a78109d470fbcbb86ae4e11919fa07bf5ea1b37ae354342a8d175c8ea5dfae3db1b8c54b72b73d52c2b993f7b;10001;c1ad4c392d09b384945f136d7ed889e1c49450c4ea8bf82eed5afb329cc6fb39753ab7308766cfc190a0daabd76b6f399ef0562c5f2bdd042f614d6f042aee21;f26d9d2014743b62da9dd791331ec7c8f1bd7fa8650bcca7c175ac41c03c80d3;f5d1fddf727a60a4c8650b2deb5c3415d0e43f2b812334075b04a4fe6e6eddb9;8027057;
44;a04e2b5e8dd22c172ac0c5c83396ee05c267a3d41e4c18ee0d3d554435a929d9d7c688f551530b51cb6dcdca4c807c0ec0a3197bf0e06a847a3ecb014af3ecaf;10001;3e3c9b11e6b5c6706824d7a4d682ae7e85ef7ee787abbbb21069d384dbe0856274d7d07daa05518899d5523e51b9e9ef9f102525ad2774e4b092045aefa67e01;cd093bc3f213c5733bd7e689f56bf5fd60eaa3c17a40920f336e9f50d7a44841;c826a67122b034a006b130571e88838ea5b599b0759b5b935d864565793678ef;9917409;
45;c9a15fbec3f18565227bd65dfa51fea8b13be1c83c8f6555253b3e6ad3fdc6685c02c8ec1e061f119d60fd2a6f979c4a33415fbcf6effd6ddfc0ab4726c55639;10001;1cff3136cd1521dafe8f92afa73d3d836321ba81c27bd8d5dae9df3b1bcba649c0255bb49a9d9a03708748825a56f3f985edad8620709d14c0386037bd417725;fc38a8133fec379bb9da9c845124d11ec404dae9c39c96697f0d6ba90c7d53db;cca6afaa38d7db516c43d480fe2c005de06a079d4908fdf8f62b0c1d9d4de47b;4869250;
46;cd0a263d9b5753f4d0aad63acab67fcf00cd29fcc06d162f15067320e3fe37404d2bbe488a27d791aae34139af14cd04187586d63f5ed6a36b759df9336e360f;10001;aead2ed6dd381076482ec24363df06133c038cf99e955088dbc89adc325fa880bfff69c978072384b108f08d93dd2194cfd1852c2d2b0c405976eb5b244996c1;f4fda1a021ee3cf0132f47371ea0f2109cc8010a2bbd2f300863102c9e26e165;d640ebde10555b0b6f37b14707405dbf9289bc3e37fc81f25a20240015e61c63;5879004;
47;d8c69c40efd8025a6eb011c5d4951a298b2b60758918ed8189d71baaee546a66ea17a25f0ce8dfaa6be4593d91ef217d719b4df93240cd4c0e727ffe83555ebf;10001;c894d6065c2792dddca7bc7a425f08cb42040c0815a86433c5b8add83719132d9c65e104f280a690c6fb0528cedd37490247a1a58bf11a13bcc3c97f09bdf969;f98da0967f9a143f17ff005b90fae503a987a5047d3234e8e14fa8e93200aa75;de6037468e1a679937d2c58f306ceae271c7f362b4c467c6d92101c4ad2435e3;4532542;
48;f50afcfa44ad51a2f84dcfbe193630299892093ce4eef2b22ea199931da716c185e8c42002d324495d8d5c41b289193fdae280608dd3e9dd6e2165f01e67094b;10001;b5dd71e44d1455829ec72167f54e42709ccbc60f6bd9ec4652559da5925c7085bd043060f060d56e4273a691d38cec2f6044e412956ec484a34b5e876a048001;f5b66727dda4469db6abb4579c86374456cf7cd841f24c080ffd621a046287eb;ff4d689039b89a8f3b4017b7973260fdceea3ba95753ab5f99ad6fdd215d8c21;3464772;
49;c36b8397549a923cca681959e76c11e0afd0c2453f6ac004e46cb541fb65ae3880610eb2be0db008270029ae2ba25987a0a5cf9f10b690569d9c55eac4752079;10001;a898704e360aa911d35a5e4cc730e077a5978893afb3cc782c0e718ebc72ac0bc6c180c9846008490a4db5b20ea3bdf7e645c92dd1912404e100bce8f26ea625;d62f8f5b0c0b7b251940d6fa8fe942a755cd21062cee6c50736cc0008638cd17;e99216b2d3f218160299f01cbc3376012611c62cb84d770311581d037a9898ef;3651104;
50;dd660a8dec934e22048c04b1acd47a4a09ee9d2d813e285672ba48b0dc77b267fc7462f64080cd1dcf42a53fb8c0a5585c2d6e35fc100c80d04aa39cd546c7c3;10001;b509f9db6ff64c4fb8d41e0a83bf03788382a0f852d4d6fb49b9563379344fa6fe6c0d3025f99d38c3f18223850695c2c851ba6bb13235b2287baaf661c7cc41;fbcfb3d3ba367b68b97bdc076cb3df666dfd265fc33d3619022d1fe25e56b8b3;e114d4c1f4dea3bef556dc3a3d9336b1efeccc09df72391653dce4d0ec2c9cb1;3656049;
51;b16c7400abd6f7411c9f487c2f41f8b3dc532741b081a7399d83f4a7c0d12cdd8791a3a32b57c011571c0a553c0c92ea2736c854fa880212f1fca60c5b336475;10001;a3cdb743af62e6200d26d9ab1d8e50e8ed6f2ffd2bd267eb7f8b866322577c8cf8405f782906065aad1729db99e5f75f9b3e6c353150d924e23163ce6ea1cd41;ca574951f29d0ea02f2979aa20ad771b9468c0379873356c23658e81958f2f5d;e0798e72ffec5bec20b46a984132c78935441cc37c340380d2f26c091da96ff9;2901049;
52;c8f67440ec1676d42ec0c41496e0b522241dbb3efb9d579f879c26cac600e9fa42ab8825f6ce5c0b4129451a4549d9f544d08c5aa48cd138afc09a0f1b917f87;10001;919e039f07733fa780392ddbbd7815c8276363cabf87c376554d50ce9dab0bde814cbc817bd990aaff904b57ebbef1919bfa5cc37eecf3fee908d9c35d38e801;f8ffd00903addb71cc3182385f0dee4066eadd2b0b8be8a940a3235ffe7835cf;ce9ce53bb276b02fcb97719663b21a31b04a77a67a61952cf2de4fa1b4ecc0c9;3106487;
53;e9127a4bc5aba7e3e42d55d52882626c912b318196ad9eca017169f417ed1eea4ca3f764b3f38ab9365c21b4a525dcd714b10c56199c91bfd01e870f4685b675;10001;42f74a28273d70d9ab9fd2ff91ca149979045e0f0bca0acba3aa8074dfc3039465d8f046735896ceb6a6b97ceb31eaba993c075679fa9a5a12438a4bcbdbf981;f8bf08568f75a2142e3b4149a6c81c8173b9cea3061b333c0abca6e516f367d1;efde6efeddd61cf80d5b4eb544ea233f40594f56e1c941bce3e540d62a22f165;8732276;
54;a9989211d3479b4ff3452419044e67186bcce94ee80ccec4ba3cb87b23ee929968b238a2189ac0834b7b6287706c2d69febe45a0b7b5fbffa91692ae047f31a5;10001;4abee781dbb06f8f29148bf84aa193667bfc6fc74b1679fad269f894ad1d7496586c9835dda23c7c0d8a9b53445e0588f0662d1c6f2cff83e052534079a0c671;c7b05e64c933f53a8b73740b8425162dee61431d04c4fdc77ccd4c147454bf33;d96bc724f9407caa9d9557b0805081118a26390d5b6ec9f4881f8d688f7b2bc7;6417557;
55;eda10afa58e619cfa2c57eca2afb9079b68aae940714006d81eb945471da1b5267ee5bc40edc3feb61276bcd244f0a3076d97d6b9f6b0ccc353e9fa0db7a05a5;10001;a9c46518680cb4220053027b22ec28d29bd44657211b6c16d03be2f3d58711fe9406f56661df9ca6f1065864a543fdef12618d8eb79f765f9fbbd9a4ae4cabfd;ef4936e8c24e01725d2db458d5bb4fff017ee98f60059e939f0eeb7e73294f3f;fe3a3341ab03b5303a09af6ef089284468522f62ba8122936ce19a183a20d61b;8820848;
56;b29f3529fb47247958876c8c50e5a58d0c131b595a4260413914938b3f06e640e816ecabbf40fc3c3647e7112fca0a0c1f5cce3299007b7188b33cdc04e8b34d;10001;4c0ee2d2677ed9971a0d4039575111f74746f3844e9ca8e3dcec580f18dd55396327940499ab6e2299924989569683a27bfe63473a9baca84744804dffbf2d79;eb59a3131e5ea44a24c53ed79a7490f7f64ac1e58b85c3ee0426a0b29401352b;c24b5bb8c1e8b63b6c73296e1c4c4c19afb6a14d914281e7412253f5ebdb6d67;5020296;
57;af6fba234693f3613daec8fe8db6aafac478bc98911927204d146cab75252ea032feb0a19e04d883c71855a57b3dd848cb338caeb3e136ab0d2e4b11e08a2b05;10001;16667dade36520be59d1e778194029b4bb416f534bb39a7b555c3643ee4141229d40381a761b3df9c9cafc2f2efa6510754349cc9e06c8f9b9ef5cb08943b001;d0c9ef5a4c5658b38701b83fc2294e5efac4ed7ce492b79b7a2d516dda05d5c5;d71b23568c3ec5a7e000e50a5666a5f8ac18805c27cc91a544688b0540259441;5697830;
58;dbe78b6d64619ddafb15598fe4423d6207af7b39f64ad365176db96f5d52330fd52b0751083f4698145f4957c7bb006a6ca43101d2f3a56666c72d5a6dd64061;10001;93977a7af74e95362e230c33894df408e183a3bf2950db45144e6e91121f6368d4687e353fb654c591cc79c29e5ac8d9926bc7721d6069005aafea6ab0915cc9;e880fee01e13e37d04a97bcb6c9d4cdc150e6b5781c1ab5db1b77a7441b05c3f;f22098594632c39d34a4d297fbd27fe23985c48f638f68c8e8ed8a5a6d7ebb5f;3735175;
59;ad49b9e2a90b5a4a56c55ede8939c1d3c994dec361b2361d94a6cafe23e08372a4d8e23226ec2467c96121836d2e468c839171acab500461d0e7035bc9a2f6a7;10001;2713d82a680a9a5ae7446d076c14ad4410525505e47326c6f6edc21b1b8616be15b5122eca9c851febb997908c133b0f41d5e634dd1aa734461368c28581c021;d0cef29c2c5d16d5ca453d1d3c1222faf7f4f3eb8d45e7f51b82242f7666a491;d473aba6df02f9bf1684ed514a62e9ee21f1f4e5f910cf2b9bad3185c54ba3b7;7172372;
60;c5be28678bf6eb751f4ae73fbfc0e94ea9dca6abaea57aade2a7c082b601661f9152154eff0fd97b39ac9a115168861abe39b84377a9ea0dcb06353315b74e2f;10001;31d86546f4b921513cba1ce0aced6be2305f36844059e63abecf9a6f5881b1c4015fec39f035e637287a30bc7df9168ccb7e5a5e812ac4d3244b9fb4c0156a01;cc478050aa648d81170a3ac0a2f40621051526a66faa6a421e99bc44eec9868f;f7cefd396568607a576ccc4e5894a989dea84252191617d0fca6ecb69dc88e61;3259313;
61;c5c950f32044c02dec829a69c3196386e355c0353d1daf19a4d9c4e8c861b90ebf62f82aa3dd1f0f866dda65035660e043d50414940aefa665c907e883a38ef5;10001;706bcc72553e1eca3babc49f2701105c446da251e08a35d3eaaac94cd3511080fb9622cdb7b9741eda5726b37f12da1682ac9ebd3c77525ee4feb50154b93325;cd7be9b830f4506a878de848f98134549d314bdddcd4a306628ef0279fb48993;f668f435aaa8042831059cce5cc3e55c18a4a882f2dc1d81d02ea6812ddcba57;2947772;
62;b82352bcda4238fd197c70c5937bff7ee161eb89af0c09f1ab0447e3163e9aa51648ed21f8427dba2a34e734b8d7c622683fc23b9de90f306f927fe3684a9ff5;10001;3fbd8a807115076125975bfa28a97db1d016f34fbfd66d02c8ee3c6c31610e6a8c1eb040787c0fd398289112596b1d8afe9c2ac96f5b8dc93a982624c4a64441;c5266e747b9a5763b72a08ad0de2c33fa6deb7a2f1269153136b688c5470ade9;ef1a8bde11d4f21828be58b546314e0444c3392923253d9a19a05893a4ccde2d;7327163;
63;cb49a6dc89354bbb543531f3243fe3b76dfddda4443234961c227c7a820002650eb1cf6f136a9c9e58ec2fc860c7f359c04a5c17d0d45dd9c626ff388d8de581;10001;50c6a647f1393d2b656d71b89449d2b91b3a89ac70f0a616937d5c8aed4705abdeca1f406809267ad8c0dceeb7cf9520ba9332110d66d37ebb460d5a982902e5;ddc51b7a558f424ea9dfe678cfb5e1ab3f0210fe2b692510561462133597bf4f;eaaa3f51e9e99015bfdc7ba5da535d6773b4fe90ed3ba1f5a37fbcdcef905a2f;4475807;
64;cd6a71d44f687cfdc0da08a1f5ececf264ad0a211ff1ce3372bd9096df0eae2294c9559439ba85964c1fdceb0a48da5eee86cb17f55db9cdab772bb9d3c2c673;10001;157ed00e9188b39bb2349eb6a40f78f41c88e70874594f649edb2b683e4b40f9794f7f7cec166604af31cd9a5b22871351b2b1ec74cffe898a61cb3157eead01;f60ce276d719a694fffd430d92abedfc292844e7241c082e33d9c0b5b080ddb3;d5b8e934fe2a3c95bedd836326a6c5324a1c04c43cf8679488700ad0a8259441;5038116;
65;c56ae16de70d7b22dd0ecf12c9de85b089711f843ab68ec82b646dce80a629ce7f515e4948afe4bba2440ece61ee81e803ca11aafe573b3bbf0bfc6231e11bf5;10001;7151e7b2c16540a08389c39d8259041e90d66983ea7bee3bc284b46f4bf3959cdbe66a9349053763c4d06793ce405a9c034db0741977ccd8f8c04ad5cfc22a05;de081e2562e559446abac2132ad05be0e88bbd7a40bb747c7e4c83c25f58ea4b;e39ebf095399e9b74e439b38364797a648d1ae4543ea015c580bf4c9f80e2abf;2597594;
66;dee5e7e03edf355e983c1cc3370dc6dd2e2d70d396d882bb325e4247277efb8a9b8acbcde43d26db81a13d7ead1be61db20e15e5abeb2d0465608e7f4e882f6d;10001;92b93bfd7ce569382f75c2692e603f3b711e305ad7bd05b13be2983646656c2602900c55762fc70b1cfd57fa75fce2139310896561514694b067414b232c5301;e3f06c1727e460c45fd136f8cd33f7f690b5fb21329186df96ff40120b9a925d;fa569cbb5973d3882a7949334e8be71fc3de552c0b7516d575e3df28a8e16051;3659430;
67;94a0ee082f5ed3143db88f27eef5719cb1ac7addc43c8ae85fb24e8b406e46b0d287fc8b207218490705dcb7889de7e9deb6931e2423567c6256aea95b09ea57;10001;9410f2b192c78bcf0961f8b3d6ba0c12076b0608323c0242573ba245d5cd467bd2c22d16c5cf9c5c33af3eba6d7f4ce549514d00344b508eeb92a00840331c81;c0a0300e6de2452b302ef586cc1e016b4b71098148541c9702a9636699e08517;c5871b58d60fb1516a8efb628c55b362ad23e8d93dc63a5c9691b60ae80b8cc1;4813910;
68;c860a34aa942d5e0a280bee00234ef29484113cbfa1a32b99d067a1eccf31ee24f0750f7a1d1d265192489d02ff1883e7809c67767d72be1572753be10cdd9cb;10001;ae7e31550026fab77eebdccc983f5e91b5a12e4b3006066c4b08ebe9cc925f2e2bb09c452eff2f16fa51d282b720bfd2e902879532b6cefe28520bc099e9f2a1;ede52fa9be4d1986f0d5c5c3907dadea6dcdfe630ca90b08d7153de5735358fb;d7a0823b1c53d2e3663a75c80c4a40d3a280489a72d661aaf838dbe014ac4971;8627647;
69;ac726ceb570ae2392573072133c062fc6eee94124c3c7c82f0f9f8f252a08b16e06e9bf043010adfd03ad247149bbcb90a951b0e90a5b959f0d20479a7c209f1;10001;21319963a78a91c71c3d4b070a162337a206cc7bc52ef36ca50408f6640f41166252c440540c7736be02b7aafee0cc875df5b0394cf608e901815fa40115f9ad;d4114d35c752b91f2510954e17c47fd45a711ecbce4cfbd60015542983ae2863;d02be6e7ef1d08c60fe440cb27805fd09145f913301b36af9534e20b54f6f29b;5980858;
70;c1e5d9ef0bccb5bfa947147a654a36a4a5aca630fee80fa450e82cfa62df609aeae132ddc61ec17c4163414c757759d960630f03dae47f682e86d9174b25ac05;10001;14d7e58e89e12ea474c8fc4d8ff7e359dda96a9017c6d06fa476e0e6e59c07a14fb765eb118a3e01ee52651a4e1aff60ecd1212792be01c37213b09754291ec1;e3710a1bc599e80823192d9093aea84112a51fa35cf95fbaa80689f42ce50515;da3e9244132622162c4dcdf099c05ad2b103d051a2299b3f106f475c36c3a731;3321837;
71;a63baf3f3c5b0cdb925a474b593aef16bd4027ab516968848fabd872ea8ab3d0720121a5feb66eb36e9d83fd7f59e04331e99675f454adb130aa7f710ae0d9f3;10001;1e38ddaca6817b3df446bb8d8464859161c8e72d6b78b98ad8400af321972407a788d6a5752d13df89b3f1b874c76664fb0229f466820ae0ed8ef83da5dc78f9;c476299c148a02448685defc60792ba5c6b8d9ddaaba7d33909328c37bdad90d;d89c58c81bc0282e968b60c1fc448606b069e39437808183654418e4d137beff;3749144;
72;ee4902db6bb1bc17f8056e3a423f3daca3ef53100b10982a6da5ee859f424a4a1f79c436107efd3030b90dcc316071e694d275c19d0095a65b63f9000cf9c5cf;10001;23e96301d8b037add116586f754e7ca80928e776d28414bac83daabdfeab89f0696ab80b2af661717293bfec035bf981b9ff27fbd4e944ef44eb6e8715726fb9;fb657f16f166f1f0064936b0105fa8f182f6b8508dc12460a43d2dfb2b77ba9d;f2a60d23d00701397a6acc912bc27acb3feb4ab30d32973abac9b5002a11305b;4077198;
73;c14e739b9700143a68807d0ec512cdeaf09e5e7c820168f411aa9130489961148616bc74c87650847a342fd3b093d54ee5186ec404bb828d747a28b7c8e1fb71;10001;675099c357b2281d8b8ad8cc131258d22fa64513c09c264f043e287928e42918d246805f93df32b0e09469067dc45ffe78ca2ee10b36e314199473f8612b77ed;fd21e676983515492e4d46f8a8c0997ff638d6eaf8cbaa3c9d1455b258cf972f;c37f0d645336b5ca2f961070a01fab5146f015797a62bc1ac0a9efd7288cef5f;5838463;
74;b74d98ec831149c3acf512b0edf66cd02b45a42339108172ea857e172e396a633bbe5ade9e9f2cad5640031e5f9c5ab364fee1eb51733431e9434e6913318907;10001;430e811e2cc89b4a9930427935648be40fa0776e6746d1845fa51c3e90ab726e6265e5ba2e2a1c905776accf2e8f4c5fd5dda788d0b2b3d88f456aa0522f5a89;e103ca853dc4f6e775598fe9655fb17265072b6b88969d92f960452ea6b41a93;d08b63576772b94c10e58cd889325e5390e45c470a5514d7171e082c85f87c3d;3740175;
75;d34bb608142c69f83c3dba4d18f0d794b25b3bbd3a93a2bc23b5087b8aecdba447e151a337ac5c6112866460c71e1026c0ed97b002585cf279a75c05604f9959;10001;a59dfd937d8486975d58a0f3976e07fc74849061b54d4d4c1ccce45639c1883262a9684bcc5e1c39c29bb7792953d716f9e9c289abded4390b566ccfd1a6fe81;ef519700819ec6a51ac42fcca3241b8691cfe32cb5eee4df6c27be75d8368e51;e206141fca3b5eed01bbb9f2f563e0fc88c1a81ddc7be3456f0260cb86ba7089;6313034;
76;d2083f958831fcadab6a015011dd05d98d2714aa23ba8600d49d8f1e836f3a9c75c35458f2912866f2298e08a48755bce9634c8fa8d6a2f596c6b7ecbf236019;10001;6f3250bf9118ade7206e81fd6b47b21628c5fd09cadab0a175ef68db45c8b8a531a10af537c5ad83bb33f8084475e0bc90c85908cd99ba1863bf925a99bc2391;e46e5b3244a68dbdc738884b700b40e810f5c0fcf070aeb93cdf740a9c2d2f75;eb6170211e43b17c5ea0b1d53983f97c1513b7abd87b61e946361b805c4c9d95;5219856;
77;c7271a58d704fe1429a500e4e713bdefe9b59c9b753c63b59660f5d2608324af2a518e5bc5837348f3fc6ca7e6a4f135f98da28903bf00f475b8b06934129d35;10001;5efaef3ddf8ea9fec3bdc627656dacf076edfebac5b6ff76e3396b03e2b3a9126a182913f9a8da3b32d68a4e3697620dfb43c2d7ee4083052cb50f2c5e923201;dd1d4ef30c9d6e088556598f20d6f595c511a6acb961572b8692ff3412f05445;e692c5a1f7a162b86dfab050650bd4ec4cb6b553bb1001eecf1686472ab64c31;7916638;
78;b1984398e19ff895b36b6f01400fb5da4b620697f65d4eef79075fc901cc0956c1bb740370f11671e37cf1e77b577f14f02d66bd04eba7e34b6df77c26d6020d;10001;1d019188d6d119f8d96522ac419a4f4968268a8d275ff61486dffd7507261c2019bd3b6273dee0afdd49428573e1f21d10553cffb81839444947f7a1d98c74c1;d407aa43d90b94483941c3e7489dfd2d8fb2a6a34962cbb248d0d90ca24c860b;d66c7d9b422611b0caebf93971afcc29e6bd03b6806a36f72ae1f9d91a949f47;4127668;
79;a0c5ef73cd94618d5b16dc67830ed32412465b7339ad5d01709aca5bcd9a840897d5f9155adf5da7b4e6489a27dfcc3bebbf4d9386a9a828f1908ee3d2f88dc7;10001;3a2fc8fd096f656b0a879897620870844294f22e1eb6cecd619ab4184bae5b904991af394c5b003550c7b74ad2dad22f1b582f3b276155f9ae6423f766b76b91;d56ff2f3e60f2ae3b0e1709496e22e4b21916ff96d0adddb0960a83f8711448f;c0d576da74163ff38c60b69f4cff97772dce7877b232355efd07c785058e6f49;3865411;
80;ca54021ed466ac4e41359562e4fc5a995fbe36265197b4426af9a7051bcc6ff8a99ba73c13abde5f0c3e4c389c55c86f119a577172f361ea5bbe5e5748bc563f;10001;3042797f010abc6eadff29f2bccbb49080d5cdf4b5e1898d8e169e5009a169d369891977a5915dd664a77bf763d4d29e0cef2c6fab4fa3894807529e0a5c3481;e864ec69197cea6344f7b0c6f969d70beb3253c1c439aae2ee89a99db28ec2f3;dee1428aac79d63f5729c62c33e26783a60f08af08167dc2d926a4ea5f823a85;4250129;
81;c990ce5d9c7559e0ddfd5ea2c68704e05d261dea6ad3f287dbb3af125daef02ac999f80b2fd5dbdcb583c89ceb589482f005784b2fb70f36e23b80fe8234e2c5;10001;842897c63501948ea5beacc0195f09c97a09b5efaf5f8c539bafb2885e38876abb74b0066268435e097724322f04be0a0e43c3ada986fc7622f90e9630f67881;cfb2f2e11e03519d5d80aaf6b245db5d6c9d46b23ae078be008c1be50bb92f91;f870b76308b71cc49974b1c2a8521827805889924cec9251a8e9e0b691900df5;7575579;
82;9fbb2de3392a113c9996158535674393d1c894df55ff234d4d21050cb9ba6815a197ed4dfee83bbd73cbc428bef580ded29384509b6601b370cffb2fa3ee5dd3;10001;503cbd934bcee6f3b30f226654ea379714a596ab0dcee953d66fc4d29ca597cca2c00297058a59d6241ee63c28e75f9ab36489f6962b8275f54e964673430761;ccbae70c0bf23012837e179e6fdac40c914294a7955f7355d3fe0919fe191643;c7bb6dbc329342fdd3503ec16af461a714ed83c9b6af338543e32858b6984931;8514784;
83;c8404b665f1f67a37f6c3f7412ff4d3847e7bb989d3540579b561c36da7e06994fdecfbf48b2577b20d2a9c309075a8440c5641c5a950ce20d105a7b9f15042d;10001;c8c92ed106afc68af948e096d2358a87d41156d83f4915aac1e625841ab0228bf0ab9edc3c51304d8a4d8602fabf5ab19b11459b7c76590c69ac3a125381ff5;e3a9242797bc14dde7054487b2ffb82afa2141e90b623442ca1625f5774148ff;e12db18bbdffdf62b76bf7e5fff07cd21dcd55337d018505f9a3fc0e6c9026d3;5897090;
84;bffd590a7178a0267133cc1122ae3a1259e996abce4f39c417e928612cfce96512e1cce7e5555bdddedf8a52ccfa2bbf8cea266b0cc8cfca62c70d412f8dffc3;10001;c38c88e4da2ec2f064dd1d3d56d59ed0924419f3646fcda6adb40e2cec65ae524101daf89b8f61a2af0230f24fdc5b57b272baafd2b44da5dc06bb105f5d061;e06c996066357991f43691f635bca5f509a85fe9bb3980cfaf0f080be22419bd;db0081d9055a4f92c96228c233c74c28385b20f130c6e69082756a7d1dde577f;4303690;
85;c87f938135ebff2a868be45a65afdf0ba248eb1613ade75425de861ef8f5b77ac94931e5e440abb1afbcc5f48da5befbb40c10d488de31fe50fcef0e3cdc8747;10001;a371a49c5389b3f445c46a7deaa1493161b511b768897ea7d14b2a88bb290bcd21ad0a5f810e2593b395e0ec9e49424a25ec255d5bc603ab5ecd741cba559921;d626f2c91f9cc8f1e860300d4f240ba68b004a7047385150780487a6206c23b1;efad973ea3990c6c807d1ad5837d4dc00676617983151f022e29f868cdc2f077;2741323;
86;c1b4eea4570db28f75b8471128c069170d8d0e97abadd0902dfd37f9c125c846a4898bddc64661efe1deeb79339af857f8cf270e72e02f408db70779686637e5;10001;8321c743fda2ca34900ed61d69a707fd9130e2a60e94b65244afdd4af854698529694580d2f85112ca1555c7b0e4718ac436de58cd904f996739cecf6c971581;c4ee882bbf785225a36a974085405f942fc1f2cb3796dff07a76fd86801ff515;fbcec488d02d830697ea25391da0171ff5ae278916012a0cf39f5fa6edd28b91;3736370;
87;e4c315087d3ca6664c39b2145db43be81c69dde0f98d1e3610fa0e2e0834387e3ea3863256cbe772b440e7c2522d275df1e00e4a12583d71568bc8386bb55f09;10001;20d6e06e178c5d56d21a7635f63da95be8b849e1c1f1402502cae2be38ef462c93d4b9d2608866e66e5222b84a95340b8f4622d30fab1054357d967ec2bc031;ee91d173682d751fa0558570c82c70b1ecdf997a294a90e8a6e77efe5b4f2b5b;f579d3075b9ac2e6870f7de61336bcbf15ef6b6b45675c71e36701ecc06ec06b;3834335;
88;d426253436bac140eba93bce1fda0fb3d9babbb6f414633eef7422836f76dc9786064329858b412223e3925d6fbf01dae9a9c8b84f7dca8135ccff916a6c22bf;10001;4027e4fa5c4eafe09d23c9953526b1b6f6f234904851de0d8b4678a57cd0da365f07f80febdf3009e639606e789c7134ee73b900822dbe096463f0c947d142b9;fc634f919078ca38bb483111a9d134c54f07fcb920480f992500ee5c73bda683;d72f689f419725e5561e8aedda958ad42be312b021733cd2ab726554f0237e15;4722906;
89;b06cb788471ddbdebe7aee80c20c1c3868a1c5bfd7822e3cae759925779a1efaa5bfe37429330c63d2011b6bde9aa9107dc5ad5a6f3f21009a5c0ad64d5c4771;10001;7f04c6de86d52887a5fc3bdad7da8036dc9e1c1192c75722b938519a7811ae5af4b28c098938626f164d626f0d607ad306579fb8c3c1122345407d0deadc9c5;ca0bfe694d2ba5266a447564de07a77828d3479d3c61d4617ef4b474adf8e99b;df892e3e65437fadf2ff71b367f7665c8397a626380506a13cb7cc042c4f19e3;3215343;
90;c56554e698878bfea430fd9a1ac580fbd9d3eccfc1f49c13e64d8ba0c953d36dbc382bbd81e27bdacfc2a90dd18d1b79d8ac955f65007ab342d0f002ee19d851;10001;8b557f9c55c637f74286a23c08f1a89e1da00de4888fd52be6c08df2aca9d2eec10f620b0bb6070cf6d390b08945fffbcda8ee3faa088423bd072758d4725351;d9f141b2939e438698bf8843823bb1eab9f41d2c27bdb5cea75f8383dbe67a3f;e7dd933c26a3eb75027b2c4736066326dfa6d9981c416279dcb494e4eb39696f;7632892;
91;bb121b220117a668b68c1b2b3d61658571098fb60c6977ca9c5a1451b1cc79272471d90e9cf41af4575507a55cc64bb5cafbf2589dbab1ec550848c9bd2e939b;10001;612c5f91c35580a8a622933e5bcd0b0a4d147565507f3cadaf980f33fc92c55f4f4bd8bc01480d1774f604f12dbf85f7d63435f5f4b34dedc7db2c9a02baeef9;e2e10d20e41661785e4805323c869c6641233feb6fd650091502a31a00d60997;d31500f5c69cb08bfb79e60209586b7e574e0b3673b475f903a8ffa35ced1e9d;3777558;
92;b0e3bb4242c02cf549443644e454d6a218734d3a27fa080eb2d0d45ee3240ddefe810cdf736a1dfd85c264d7549856ae92e650e11d1ce07f889e5fc9da51f089;10001;2f2e0e9c35c19c3c3036896306a3ba3bb1d9cf175be24c93df0de4170aee6ae445d0c2c399492addf15563d334756bb92281dca6fbb75666758e94e56782f001;ddb1677ed593498220f64a37f794d3e94aad1c9ff65eb3e5ab8867a7ae2837c1;cc4364dfcbb272e611362d7a19fcd4743b4aac73689cde7c65db962095b8aac9;8108637;
93;bd524d6c4d2f2e3823e8ba866166d82a52e2afdc322282163f315b31e74cf14323e3903e62fbf47204cbe4a25de526ae6d8101bb57d06d07cc324e1494cf8f6d;10001;b8d68ef2ab14e24a3b7cf0075d375cdb4d9b36d984353ecedb99a390c063d5b3e94f8654a4556b175430f24a64afac00dc69ddd2f1fbced3b372c322750e7621;cc2e6c07650e38c3bfdb2451ff28e6f93b7a2e0bac4c27c90d55310f49211889;ed5e714cdab85be21fd39e5420853fcc3507493b02ec1252b89cc6a4c092bec5;5208073;
94;ccfb176bd25f24f59065f0ef5b1f21032ceea1022d6e3896bed1f136e7d8516a066217c968b411cb6ee1efab8cb066b33e62685b4b2f36960395c21c16ae70e3;10001;58fbbf851d0414a54d94136db4dee493de53912dc2cf105dd0648f1448bd4d49b47eeefb2c7ebcdbe7792b9de3d1785b6b2e046fb4c40711da5b766ae18e8521;eef3929ba8f0be80a0f80db456397875a6fc8ce0521acdf12e8e98735cef95ab;db9b0c596e66d449050b8ff236fe02bb07f3f60715315006981db49223e4e9a9;5887265;
95;cce57761fa030341f9070175a735e18babb881464f41e4718758dcdc9ec253b8ae2dc1f92bbb312604ddf95287d8f9a847ebaf1e62b5ead5f06be7816cd511bd;10001;13a249765206c7e12283d157fcd5e4ef055d80c5c40284697c96bf5344c34a525435593717a9882a8c9c442f498fa2847ea04e986673739e296d224b3efff101;dea38271e3a92af15218010230d93a654c6920457a1950dfdf93379789ff3ff5;eb995abdb4f79daecbeeb3af54c298f01a4b8ed18745c544c7a993333589d5a9;4831315;
96;c2acb1cade63a02b524438663455ca7ca3076014b25a045d4f0a6d8413bced9a2e6aa68f8c2d100068d3bbc75b202a4e5c33138dacf88aeec66885d9daa0f645;10001;2ad02a05b0a4fe5ba8ab023050003218f90dad2ec00e95f92361eab5ea55597775837602c7761241998d2503ed8ad3d7c3a6e5ef962bb045a436296c643a9fbd;f3114e18597af9371ff9cdb024bb229ff49076cd3c115e6f9f1698fe13124fe3;cd0840ff82d250571479f89629dbf4aef6e3c07f5c301d09c1f50e39168fa9b7;3120153;
97;b0c5c3f16929f6378cf5fd50cb098b74a62127660b11d9c59f87aeaf28128e40269777c084ebb1e91966c2760faa52f84487551aab2fe5344f5fd32f168c5503;10001;2872d847211d2cedc11f787b483a42e2ca30c3e72199500f5c559baf10a84e4c15ad57cf41d510c3f268dab7bd4cecfe49ed134499e33d5e8773e57f82fef421;eb77ded665f25b7fb58f1284fc9ab280049e458dae3c21878c36b2ced6fe1bed;c02fafea922a40e279223c304e522a59ad2d5342be220182c0cc2cad66d876af;2575146;
98;bfabb0e422ea48310463a21ab26ad75fdf61856ff266e1fdd6b7b33d61143b7824e3f7b7e6589cf5c6067f420f44f2b26fda3d09ee1240238a12df20164d1697;10001;86acfbe901037f6039c64c23d813ac6ba808dcfab0e74b89d1b258161bbd5c9eb0b4cd8c9442226ada62745cdfba2e25f3e3fdcd4b35e627e63a6c0aefec4161;f6709c74da3ac4d3795345151f6bd71c14a5ef7d2d5da4c703692b58e6dbd891;c71b2affe188b21bc4beee540784edfa66b0abf083a58cde956784704c9dd0a7;3213172;
99;f2a2749c115a2270068382db47c68f0bbdf3dd1f3208435d6ba6e24a48b2d4893a416992fac3eeb50d661cc205a131906aec56f416c5f9b816db05550726758d;10001;3605f5f0c9ec47bea9b49e6e348d014c9bfeb03d41e6951937def08399ac37a5e74f1d2e6fd26deb45a632068bbd73722539b8451ba2e51b825fabec1e5b2001;f388c25ac6c27e9a609b80b9adcc4ca08a6c2fe373be0a339cf8089388c552e5;ff0de862a4456848ed9b990085cbed159e9bb48f2a3057f76ebe3ecb6b2a2589;2888979;
